observation_id,task,user_id,context_name,code,error,issue,response_text,IRR selected,Train/IRR,Competency - Num,Competency - Text,Learning - Num,Learning - Text
3,1,3476,Python,"## SUDOKU GENERATOR

import math, random


class SudokuGenerator:

    def __init__(self, row_length, removed_cells):
        self.row_length = row_length
        self.removed_cells = removed_cells
        self.board = [[0 for i in range(row_length)] for j in range(row_length)]
        self.fullboard = [[0 for i in range(row_length)] for j in range(row_length)]
        self.box_length = int(math.sqrt(row_length))


    def get_board(self):
        return self.board


    def print_board(self):
        for row in range(self.row_length):
            print(self.board[row])
            print()


    def valid_in_row(self, row, num):
        for col in range(self.row_length):
            if self.board[row][col] == num:
                return False
        return True


    def valid_in_col(self, col, num):
        for row in range(self.row_length):
            if self.board[row][col] == num:
                return False
        return True


    def valid_in_box(self, row_start, col_start, num):
        for i in range(row_start, row_start+3):
            for j in range(col_start, col_start+3):
                try:
                    if self.board[i][j] == num:
                        return False
                except:
                    continue
        return True


    def is_valid(self, row, col, num):
        if self.valid_in_row(row, num) is True and self.valid_in_col(col, num) is True and self.valid_in_box(row, col, num) is True:
            return True
        return False


    def fill_box(self, row_start, col_start):
        list = [1, 2, 3, 4, 5, 6, 7, 8, 9]
        for i in range(row_start, row_start+3):
            for j in range(col_start, col_start+3):
                var = random.choice(list)
                self.board[i][j] = var
                for k in range(len(list)):
                    if list[k] == var:
                        list.remove(var)
                        break
        return self.board


    def fill_diagonal(self):
        self.fill_box(0, 0)
        self.fill_box(3, 3)
        self.fill_box(6, 6)


    def fill_remaining(self, row, col):
        row = int(row)
        col = int(col)
        if (col >= self.row_length and row < self.row_length - 1):
            row += 1
            col = 0
        if row >= self.row_length and col >= self.row_length:
            return True
        if row < self.box_length:
            if col < self.box_length:
                col = self.box_length
        elif row < self.row_length - self.box_length:
            if col == int(row // self.box_length * self.box_length):
                col += self.box_length
        else:
            if col == self.row_length - self.box_length:
                row += 1
                col = 0
                if row >= self.row_length:
                    return True

        for num in range(1, self.row_length + 1):
            if self.is_valid(row, col, num):
                self.board[row][col] = num
                if self.fill_remaining(row, col + 1):
                    return True
                self.board[row][col] = 0
        return False


    def fill_values(self):
        self.fill_diagonal()
        self.fill_remaining(0, self.box_length)
        # return self.board


    def remove_cells(self):
        count = 0
        while count != self.removed_cells:
            rand_row = random.choice(range(0, self.row_length))
            rand_col = random.choice(range(0, self.row_length))
            if self.board[rand_row][rand_col] != 0:
                self.board[rand_row][rand_col] = 0
                count += 1
        return self.board


    def get_fullboard(self):
        for i in range(self.row_length):
            for j in range(self.row_length):
                self.fullboard[i][j] = self.board[i][j]


    def print_fullboard(self):
        for row in range(self.row_length):
            print(self.fullboard[row])
            print()



def generate_sudoku(size, removed):
    sudoku = SudokuGenerator(size, removed)
    sudoku.fill_values()
    fullboard = sudoku.get_fullboard()
    board = sudoku.get_board()
    sudoku.remove_cells()
    board = sudoku.get_board()

    sudoku.print_fullboard()
    print()
    sudoku.print_board()

    return board

board = generate_sudoku(9, 30)
# print(board)",,"sometimes, the script takes a very long time without ever executing. i am trying to print a sudoku board","{""main"": ""It looks like your Sudoku generator script is sometimes taking a very long time to execute, which suggests that it might be getting stuck in an infinite loop or taking an excessive amount of time to find a valid solution. Here are a few things to consider and check:\n\n1. **Backtracking Algorithm**: The `fill_remaining` function uses a backtracking algorithm to fill the Sudoku board. Backtracking can be slow, especially if the algorithm frequently encounters invalid states and has to backtrack a lot. Ensure that the logic in `fill_remaining` is correct and efficiently implemented.\n\n2. **Box Validation**: The `valid_in_box` function currently checks a fixed 3x3 box. This works for a standard 9x9 Sudoku but will not work for other sizes (e.g., 4x4, 16x16). You should use `self.box_length` instead of hardcoding the value 3.\n\n3. **Recursive Calls**: In `fill_remaining`, make sure the recursive calls and the base cases are correctly defined. If the base case is not reached or the recursive calls are not properly managed, it can lead to infinite recursion.\n\n4. **Random Choices**: The `fill_box` function uses random choices to fill the diagonal boxes. If the random choices do not lead to a valid Sudoku configuration, the backtracking algorithm might struggle to find a solution. Ensure that the random filling does not create an unsolvable board.\n\n5. **Debugging**: Add print statements or use a debugger to trace the flow of the program. For example, you can print the current state of the board at various points in the `fill_remaining` function to see where it might be getting stuck.\n\n6. **Performance**: Consider optimizing the algorithm. For example, you could implement more sophisticated heuristics to choose the next cell to fill or the next number to try.\n\nBy carefully examining these aspects of your code, you should be able to identify why the script sometimes takes a long time to execute and make the necessary adjustments to improve its performance. Keep experimenting and debugging, and you'll get closer to a solution!""}",Yes,Train,"4, 6","Algorithm Fundamentals, Program Development Practices",4,Analyze
46,1,3233,Python,"
def display_menu():
    print(""\nRLE Menu"")
    print(""--------"")
    print(""0. Exit"")
    print(""1. Load File"")
    print(""2. Load Test Image"")
    print(""3. Read RLE String"")
    print(""4. Read RLE Hex String"")
    print(""5. Read Data Hex String"")
    print(""6. Display Image"")
    print(""7. Display RLE String"")
    print(""8. Display Hex RLE Data"")
    print(""9. Display Hex Flat Data"")


def main():
    print(""Welcome to the RLE image encoder!\n"")
    print(""Displaying Spectrum Image:"")
    import console_gfx
    from console_gfx import display_image
    console_gfx.display_image(console_gfx.test_rainbow)
    while True:
        display_menu()
        option = (int(input(""\nSelect a Menu Option: "")))
        if option == 0:
            break
        elif option == 1:
            file_name = input(""Enter name of file to load:"")
            image_data = console_gfx.load_file(file_name)
        elif option == 2:
            from console_gfx import display_image
            console_gfx.display_image(console_gfx.test_image)
            image_data = console_gfx.test_image
            print(""Test image data loaded."")
        elif option == 3:
            rle_string = input(""Enter an RLE string to be decoded: "")
            flat_hex_values = (string_to_rle(rle_string))
            flat_hex_values_final = (decode_rle(flat_hex_values))
            print(f""Flat hex values: {flat_hex_values_final}"")

        elif option == 4:
            image_data = input(""Enter the hex string holding RLE data: "")

        elif option == 5:
            flat_data = input(""Enter the hex string holding flat data: "")
        elif option == 6:
            print(""Displaying image..."")
            from console_gfx import display_image
            console_gfx.display_image(image_data)
        elif option == 7:
            pass
        elif option == 8:
            pass
        elif option == 9:
            pass
        else:
            print(""Error! Invalid input."")


def to_hex_string(data):
    hex_list = []
    for i in data:
        hex_list.append(hex(i)[2:])
    return ''.join(hex_list)


def count_runs(my_list):
    current_run_count = 1
    total_run_count = 1
    for i in range(len(my_list)-1):

        if my_list[i] == my_list[i + 1]:
            current_run_count += 1
            if current_run_count > 15:
                current_run_count = 1
                total_run_count += 1
            continue
        elif my_list[i] != my_list[i + 1]:
            current_run_count = 1
            total_run_count += 1
            if current_run_count == 15:
                current_run_count = 1
                total_run_count += 1
    return total_run_count


def encode_rle(flat_data):
    current_run_count = 1
    total_run_count = 1
    rle_data = []
    for i in range(len(flat_data)-1):
            if flat_data[i] == flat_data[i+1]:
                current_run_count += 1
                if current_run_count == 15:
                        rle_data.append(current_run_count)
                        rle_data.append(flat_data[i])
                        current_run_count = 0
            elif flat_data[i] != flat_data[i+1]:
                rle_data.append(current_run_count)
                rle_data.append(flat_data[i])
                current_run_count = 1
    rle_data.append(current_run_count)
    rle_data.append(flat_data[i+1])
    return rle_data


def get_decoded_length(rle_data):

    total_length = rle_data [::2]
    total_sum = sum(total_length)
    return total_sum


def decode_rle(rle_data):
    decoded_data = []
    i = 0
    while i < len(rle_data)-1:
        count = rle_data[i]
        value = rle_data[i + 1]
        decoded_data.extend([value] * count)
        i += 2
    return decoded_data



def string_to_data(data_string):
    new_list = []
    a = """"
    for x in data_string:
        a = int(x, 16)
        new_list.append(a)

    return new_list


def to_rle_string(rle_data):#[15,15,6,4]
    x = []

    for i in range(0, len(rle_data), 2):
        count = rle_data[i]
        data = rle_data[i+1]
        value = hex(data)[2:]
        x.append(f""{count}{value}"")
    return "":"".join(x)


def string_to_rle(rle_string):
        rle_data = []
        parts = rle_string.split(':')

        for part in parts:
            if part.isdigit():
                count = int(part)
                if rle_data and isinstance(rle_data[-1], str):
                    character = rle_data.pop()
                    rle_data.extend([int(character)] * count)
                else:
                    rle_data.append(count)
            else:
                for char in part:
                    rle_data.append(int(char))

        return rle_data


if __name__ == '__main__':
    main()",,,"{""insufficient"": ""Please provide a description of the issue or question you have with your code and how you would like assistance. This will help me understand what specific help you need."", ""main"": ""It looks like you've provided a comprehensive Python script for an RLE (Run-Length Encoding) image encoder. However, you didn't specify any particular issue or question you have about the code. Here are a few general observations and tips that might help you:\n\n1. **Modularization and Imports**:\n   - You are importing `console_gfx` multiple times within different parts of your `main` function. It's generally a good practice to import modules at the beginning of your script to keep things organized and avoid redundancy.\n\n2. **Menu Options**:\n   - Options 7, 8, and 9 in your menu are currently placeholders (`pass`). If you intend to implement these options, make sure to add the corresponding functionality.\n\n3. **Error Handling**:\n   - Consider adding error handling for user inputs, especially when converting input strings to integers. This can prevent your program from crashing if the user enters invalid data.\n\n4. **Functionality Check**:\n   - Ensure that all functions like `string_to_rle`, `decode_rle`, and others are working as expected. You can add print statements or use a debugger to step through your code and verify the logic.\n\n5. **Code Comments**:\n   - Adding comments to your code can help you and others understand the logic more easily. This is especially useful for complex functions like `encode_rle` and `decode_rle`.\n\n6. **Testing**:\n   - Create test cases for your functions to ensure they handle various edge cases correctly. For example, test `encode_rle` and `decode_rle` with different input data to verify their correctness.\n\nIf you have a specific issue or question about a particular part of your code, please let me know, and I'd be happy to help you with that!""}",Yes,Train,"1, 3, 5","Programming Fundamentals, Object-Oriented Programming (OOP), Code Construction",4,Analyze
77,1,3233,Python, ,,decode a single hexadecimal digit and return the value,"{""insufficient"": ""Could you please provide the complete function definition and any additional context or code that shows how you are trying to decode the hexadecimal digit? This will help me understand your approach and offer more precise assistance."", ""main"": ""To decode a single hexadecimal digit and return its value in Python, you can use the built-in `int` function with base 16. Here are the steps and concepts you need to understand:\n\n1. **Hexadecimal Digits**: Hexadecimal (or hex) is a base-16 number system that uses sixteen symbols: 0-9 for values zero to nine, and A-F (or a-f) for values ten to fifteen.\n\n2. **Converting Hex to Decimal**: Python's `int` function can convert a string representation of a number in a specified base to an integer. For example, `int('A', 16)` will convert the hexadecimal digit 'A' to its decimal equivalent, which is 10.\n\n3. **Function Definition**: Your function should take a single character as input, check if it's a valid hexadecimal digit, and then use the `int` function to convert it.\n\n4. **Error Handling**: It's a good practice to handle cases where the input might not be a valid hexadecimal digit.\n\nHere's a breakdown of what you need to do:\n- Define your function with a parameter for the hex digit.\n- Use the `int` function with base 16 to convert the hex digit to its decimal value.\n- Return the resulting integer.\n\nRemember to handle both uppercase and lowercase hex digits, and consider what should happen if the input is not a valid hex digit.\n\nBy following these steps, you should be able to decode a single hexadecimal digit and return its value successfully. Keep experimenting and testing your function to ensure it works correctly for all valid inputs!""}",Yes,Train,"5, 1","Code Construction, Programming Fundamentals",2,Understand
90,1,3233,Python,"def decode_rle(rle_data):
    list_of_integers = []
    count = rle_data[0::2]
    value = rle_data[1::2]
    for i in range(len(rle_data)):
        for j in range(len(count)):
            list_of_integers.append(str((value)*(count)))
    return list_of_integers

print(decode_rle([3,15,6,4]))",,,"{""insufficient"": ""Please provide a description of the issue or question you have with the code and how you would like assistance. This will help me understand what specific help you need."", ""main"": ""It looks like you're trying to decode a run-length encoded (RLE) list, where the list alternates between counts and values. Your approach is on the right track, but there are a few issues in your code:\n\n1. **Indexing and Looping**: You're looping through the entire `rle_data` list and then looping through the `count` list inside it. This is not necessary and leads to incorrect results.\n\n2. **String Multiplication**: The line where you append to `list_of_integers` is trying to multiply a string, which is not what you want. You need to multiply the integer values and then convert them to strings if needed.\n\n3. **Appending Values**: You should append the value repeated by the count to the list, not the entire list of values and counts.\n\nHere's a breakdown of what needs to be fixed:\n\n- **Extracting Counts and Values**: You correctly extract counts and values using slicing, but you should iterate over these pairs directly.\n- **Appending Correct Values**: For each count and value pair, you should append the value repeated `count` times.\n\nThink about how you can iterate over the `count` and `value` pairs together and append the correct number of values to your list. This will help you avoid the nested loop and ensure that you are appending the correct values.\n\nKeep working on it, and you'll get there! If you have any more specific questions or run into further issues, feel free to ask.""}",Yes,Train,"5, 6","Code Construction, Program Development Practices",6,Create
113,1,3233,Python,"def count_runs(my_list):
    current_run_count = 1
    total_run_count = 0
    for i in range(len(my_list)):
        if my_list[i] == len(my_list[0:-2]):
            current_run_count += 1
            if current_run_count == 15:
                current_run_count = 1
                total_run_count += 1
        elif my_list[i] == my_list[i + 1]:
            current_run_count += 0
        elif my_list[i] != my_list[i + 1]:
            current_run_count += 1
            total_run_count += 1
                if current_run_count == 15:
                    current_run_count = 1
                    total_run_count += 1
    return total_run_count

print (count_runs([15,15,15,4,4,4,4]))",,return number of runs of data in an image set ;runs cannot be longer than 15 numbers,"{""main"": ""It looks like you're trying to count the number of runs in a list, where a run is a sequence of identical numbers, and each run cannot be longer than 15 numbers. Let's break down the issues and understand how to fix them:\n\n1. **Index Out of Range Error**: You're using `my_list[i + 1]` without checking if `i + 1` is within the bounds of the list. This will cause an \""IndexError\"" when `i` is the last index of the list.\n\n2. **Logic for Counting Runs**: The logic for counting runs seems a bit off. Specifically:\n   - The condition `if my_list[i] == len(my_list[0:-2])` doesn't make sense in this context. It seems like you want to compare elements of the list, not the length of a slice of the list.\n   - The condition `elif my_list[i] == my_list[i + 1]` should be used to continue the current run.\n   - The condition `elif my_list[i] != my_list[i + 1]` should be used to end the current run and start a new one.\n\n3. **Resetting the Run Count**: You need to reset the `current_run_count` when it reaches 15 and increment the `total_run_count`.\n\n4. **Incrementing the Total Run Count**: You should increment the `total_run_count` each time a run ends.\n\nHere are some concepts and steps to help you correct the logic:\n\n- **Loop Through the List**: Iterate through the list, but make sure to handle the last element properly to avoid index errors.\n- **Check for Run Continuation**: If the current element is the same as the next one, increment the `current_run_count`.\n- **Check for Run Termination**: If the current element is different from the next one, or if the `current_run_count` reaches 15, increment the `total_run_count` and reset `current_run_count`.\n- **Edge Cases**: Handle cases where the list is empty or has only one element.\n\nBy addressing these points, you should be able to correctly count the number of runs in your list. Keep experimenting and debugging, and you'll get there!""}",Yes,Train,"1, 6, 5","Programming Fundamentals, Program Development Practices, Code Construction",4,Analyze
116,1,3233,Python,"def count_runs(my_list):
    current_run_count = 1
    total_run_count = 0
    for i in my_list:
        if (i+1) == len(my_list):
            current_run_count = 1
            total_run_count += 1
        elif my_list[i] == my_list[i+1]:
            current_run_count += 0
        elif my_list[i] != my_list[i+1]:
            current_run_count += 1
            total_run_count += 1

    return total_run_count

print (count_runs([15,15,15,4,4,4,4]))

        elif len(my_list)",,return number of runs of data in an image set ;runs cannot be longer than 15 numbers,"{""main"": ""It looks like you're trying to count the number of runs in a list, where a run is a sequence of consecutive identical elements. Additionally, you mentioned that runs cannot be longer than 15 numbers. Let's break down your code and address a few issues:\n\n1. **Indexing and Looping**:\n   - The loop `for i in my_list:` iterates over the elements of `my_list`, but you are using `i` as if it were an index. Instead, you should iterate over the indices of the list.\n\n2. **Boundary Conditions**:\n   - The condition `(i+1) == len(my_list)` is meant to check if you are at the last element, but it will always be false because `i` is an element, not an index. You should use a loop that iterates over indices and check if the current index is the last one.\n\n3. **Run Length Limitation**:\n   - You need to ensure that runs do not exceed 15 elements. This means you should reset the `current_run_count` if it reaches 15.\n\n4. **Logic for Counting Runs**:\n   - The logic for incrementing `current_run_count` and `total_run_count` needs to be adjusted. Specifically, you should only increment `total_run_count` when a run ends or when you reach the end of the list.\n\nHere's a step-by-step approach to help you correct the logic:\n\n- Iterate over the indices of the list.\n- Compare each element with the next one to determine if the run continues.\n- Keep track of the length of the current run.\n- If the run length reaches 15 or the next element is different, increment the `total_run_count` and reset the `current_run_count`.\n- Ensure you handle the last element correctly.\n\nBy addressing these points, you should be able to correctly count the number of runs in your list. Keep experimenting and debugging, and you'll get there!""}",Yes,Train,"1, 5, 6","Programming Fundamentals, Code Construction, Program Development Practices",4,Analyze
119,1,3233,Python,"def count_runs(my_list):
    current_run_count = 1
    total_run_count = 1
    for i in (my_list):
        if 0 < len(my_list) >= 15:
            
            if my_list[i] == my_list[i+1]:
                current_run_count += 0
            elif my_list[i] != my_list[i+1]:
                current_run_count += 1

        elif len(my_list)",,return number of runs of data in an image set ;runs cannot be longer than 15,"{""insufficient"": ""Please provide the complete code and clarify what you mean by \""runs of data in an image set.\"" Are you referring to consecutive sequences of the same value in the list? Additionally, the code snippet seems incomplete and has a syntax error. Could you provide the full code and more context on the input and expected output?"", ""main"": ""It looks like you're trying to count the number of runs in a list, where a run is a sequence of consecutive identical elements, and runs cannot be longer than 15 elements. Let's break down and address a few issues in your code:\n\n1. **Looping through the list**: When you use `for i in (my_list)`, `i` takes the value of each element in `my_list`, not the index. To access elements by index, you should use `for i in range(len(my_list))`.\n\n2. **Index out of range**: When accessing `my_list[i+1]`, you need to ensure `i` is not the last index to avoid an \""index out of range\"" error.\n\n3. **Condition for list length**: The condition `0 < len(my_list) >= 15` is incorrect. It should be split into two separate conditions: `len(my_list) > 0` and `len(my_list) <= 15`.\n\n4. **Counting runs**: The logic for counting runs should reset the `current_run_count` when a new run starts and increment the `total_run_count`.\n\n5. **Incomplete condition**: The `elif len(my_list)` is incomplete and will cause a syntax error.\n\nHere's a step-by-step approach to help you correct these issues:\n\n- Use `range(len(my_list) - 1)` to iterate through the list by index and avoid out-of-range errors.\n- Check if `my_list[i]` is equal to `my_list[i+1]` to determine if the current element continues the run.\n- Reset `current_run_count` if the run length exceeds 15 or if a new run starts.\n- Increment `total_run_count` when a new run starts.\n\nBy addressing these points, you should be able to correctly count the number of runs in your list. Keep practicing, and you'll get the hang of it!""}",Yes,Train,"1, 5, 6","Programming Fundamentals, Code Construction, Program Development Practices",4,Analyze
286,1,3357,Python,"s = 0
for i in range(2, 8):
    if i == 3:
        continue
    if i == 6:
        break
    s = s + i
print(s)
",,why is the answer 11,"{""main"": ""Let's walk through your code to understand why the final output is 11.\n\nYou have a loop that iterates over a range of numbers from 2 to 7 (since `range(2, 8)` includes 2 and excludes 8). Inside the loop, you have two conditions that affect the flow:\n\n1. `if i == 3: continue` - This line checks if `i` is equal to 3. If true, the `continue` statement skips the rest of the code inside the loop for that iteration. This means that when `i` is 3, no addition happens for `s` in that particular iteration.\n   \n2. `if i == 6: break` - This line checks if `i` is equal to 6. If true, the `break` statement exits the loop entirely. Therefore, the loop does not continue to add numbers to `s` once `i` reaches 6.\n\nNow, let's add up the numbers that do contribute to `s`:\n- When `i` is 2, `s` becomes 0 + 2 = 2.\n- When `i` is 3, the loop continues without adding, so `s` remains 2.\n- When `i` is 4, `s` becomes 2 + 4 = 6.\n- When `i` is 5, `s` becomes 6 + 5 = 11.\n- When `i` is 6, the loop breaks, and no addition occurs.\n\nThus, after the loop completes, the value of `s` is 11. This is why the printed output of your program is 11. The `continue` and `break` statements play crucial roles in controlling the flow of the loop and which values are added to `s`. Understanding these control structures and how they modify the loop execution will help you manage and predict the behavior of loops more effectively in your future coding tasks.""}",Yes,Train,"1, 5, 6","Programming Fundamentals, Code Construction, Program Development Practices",4,Analyze
351,2,18362,C++,,"Error: Pre command failed:
In file included from .guides/secure/main1.cpp:1:0:
.guides/secure/../../dynamicArray.h: In copy constructor ‚ÄòdynamicArray::dynamicArray(const dynamicArray&)‚Äô:
.guides/secure/../../dynamicArray.h:36:23: error: expected primary-expression before ‚Äòdouble‚Äô
     double* new_arr = double[maxCapacity];
                       ^~~~~~
.guides/secure/../../dynamicArray.h: In member function ‚ÄòdynamicArray& dynamicArray::operator=(const dynamicArray&)‚Äô:
.guides/secure/../../dynamicArray.h:56:23: error: expected primary-expression before ‚Äòdouble‚Äô
     double* new_arr = double[maxCapacity];
                       ^~~~~~",,"{""main"": ""Hello! It looks like you're encountering an error related to the syntax for allocating memory for an array in C++. The error messages you're seeing are indicating that there's an issue with how you're trying to create a new array of `double` values within your `dynamicArray` copy constructor and assignment operator.\n\nThe error message `expected primary-expression before \u2018double\u2019` suggests that the compiler was expecting an expression that evaluates to a value, but instead, it found the keyword `double`. This is likely because you're attempting to allocate memory for an array, but the syntax used is incorrect.\n\nIn C++, when you want to allocate memory for an array dynamically, you typically use the `new` keyword followed by the type of the elements you want to store, and then the number of elements in square brackets. This will return a pointer to the first element of the newly allocated array.\n\nHere's a breakdown of the concepts involved:\n\n- **Dynamic Memory Allocation**: In C++, dynamic memory is allocated using the `new` operator, which returns a pointer to the beginning of the new block of memory.\n- **Arrays**: An array is a collection of elements of the same type, stored in contiguous memory locations.\n- **Pointers**: A pointer is a variable that holds the memory address of another variable. When you allocate an array dynamically, you're getting a pointer to its first element.\n\nRemember that after using `new` to allocate memory, you should eventually release it using `delete[]` to avoid memory leaks.\n\nTo fix the error, you should use the correct syntax for dynamic memory allocation for an array. Make sure you're using the `new` keyword followed by the type of the array you want to create, and then specify the size of the array in square brackets.\n\nI hope this helps you understand the error and how to move forward! If you have any more questions or need further clarification on these concepts, feel free to ask.""}",Yes,Train,"1, 6, 8","Programming Fundamentals, Program Development Practices, Language Unique Programming Concepts",2,Understand
364,2,18340,C++,"#include <iostream>

// FREEZE CODE BEGIN
class dynamicArray {
private:
  double* arr;
  int maxCapacity;

public:
  dynamicArray(int size) {
    arr = new double[size];
    maxCapacity = size;
    for (int i = 0; i < size; i++) {
      arr[i] = 0;
    }
  }
  double& operator[](int index) {
    return arr[index];
  }
  void display() {
    for (int i = 0; i < maxCapacity; i++) {
      std::cout << arr[i] << "" "";
    }
    std::cout << std::endl;
  }
  int getMaxCapacity() {
    return maxCapacity;
  }
// FREEZE CODE END
  // write a destructor, copy constructor, and copy assignment operator
  dynamicArray(const dynamicArray& otherobject){
    maxCapacity=otherobject.maxCapacity;
    arr=new double[maxCapacity];
    for(int i = 0; i<maxCapacity; i++){
      arr[i]=otherobject[i];}}
   
   dynamicArray& operator=(const dynamicArray& otherobject){
    if(this!= &otherobject){delete[]arr; maxCapacity=otherobject.maxCapacity
    arr = new double[maxCapacity]; for (int i=0; i<maxCapacity; i++){arr[i]=otherobject.arr[i]} return *this;
    }
}  
~dynamicArray(){
  delete[] arr;}
};
","<div>Error: Pre command failed:
In file included from .guides/secure/main1.cpp:1:0:
.guides/secure/../../dynamicArray.h: In copy constructor ‚ÄòdynamicArray::dynamicArray(const dynamicArray&)‚Äô:
.guides/secure/../../dynamicArray.h:35:27: error: passing ‚Äòconst dynamicArray‚Äô as ‚Äòthis‚Äô argument discards qualifiers [-fpermissive]
       arr[i]=otherobject[i];}}
                           ^
.guides/secure/../../dynamicArray.h:17:11: note:   in call to ‚Äòdouble& dynamicArray::operator[](int)‚Äô
   double& operator[](int index) {
           ^~~~~~~~
.guides/secure/../../dynamicArray.h: In member function ‚ÄòdynamicArray& dynamicArray::operator=(const dynamicArray&)‚Äô:
.guides/secure/../../dynamicArray.h:39:5: error: expected ‚Äò;‚Äô before ‚Äòarr‚Äô
     arr = new double[maxCapacity]; for (int i=0; i<maxCapacity; i++){arr[i]=otherobject.arr[i]} return *this;
     ^~~
.guides/secure/../../dynamicArray.h:39:95: error: expected ‚Äò;‚Äô before ‚Äò}‚Äô token
     arr = new double[maxCapacity]; for (int i=0; i<maxCapacity; i++){arr[i]=otherobject.arr[i]} return *this;
                                                                                               ^

</div>a",,"{""main"": ""It looks like you're working on implementing a destructor, copy constructor, and copy assignment operator for your `dynamicArray` class in C++. Let's address the error messages you're seeing one by one.\n\n1. The first error message is related to the use of the `operator[]` in your copy constructor. The error message indicates that you are trying to call a non-const version of `operator[]` on a const object (`otherobject`). Since `otherobject` is a const reference to a `dynamicArray`, you cannot call non-const member functions on it. To resolve this, you should provide a const version of your `operator[]` that returns a const reference to the element. This allows you to access elements of a const `dynamicArray` object without modifying them.\n\n2. The second error message is about a missing semicolon. In C++, statements must end with a semicolon. The error points to the line where you are allocating new memory for `arr` in your copy assignment operator. You need to ensure that each statement is properly terminated with a semicolon.\n\n3. The third error message is also about a missing semicolon. It's pointing to the end of your for loop within the copy assignment operator. The message indicates that the compiler expects a semicolon before the closing brace of the for loop. Remember that the body of the for loop should be properly terminated with a semicolon before you proceed with the `return` statement.\n\nKeep in mind the Rule of Three in C++, which states that if you need to explicitly declare either the destructor, copy constructor, or copy assignment operator, you should probably explicitly declare all three. This is because they are all related to resource management, and if one is needed, the others are likely to be needed as well.\n\nAdditionally, when writing the copy assignment operator, it's important to handle self-assignment correctly. You've started to do this by checking if `this` is not equal to the address of `otherobject`. This is a good practice to prevent issues that could arise if an object is assigned to itself.\n\nLastly, when you're deleting the old array in the copy assignment operator, it's crucial to do so safely to avoid memory leaks or dangling pointers. After deleting the array, you should set the pointer to `nullptr` or immediately assign it to the newly allocated memory.\n\nRemember to test your code thoroughly after making changes to ensure that your `dynamicArray` class behaves correctly in all scenarios, including copying and assigning arrays.""}",Yes,Train,"3, 7, 6, 8","Object-Oriented Programming (OOP), Programming Language Concepts, Program Development Practices, Language Unique Programming Concepts",4,Analyze
365,2,18339,C++,"#include <iostream>

// FREEZE CODE BEGIN
class dynamicArray {
private:
  double* arr;
  int maxCapacity;

public:
  dynamicArray(int size) {
    arr = new double[size];
    maxCapacity = size;
    for (int i = 0; i < size; i++) {
      arr[i] = 0;
    }
  }
  double& operator[](int index) {
    return arr[index];
  }
  void display() {
    for (int i = 0; i < maxCapacity; i++) {
      std::cout << arr[i] << "" "";
    }
    std::cout << std::endl;
  }
  int getMaxCapacity() {
    return maxCapacity;
  }
// FREEZE CODE END
  // write a destructor, copy constructor, and copy assignment operator
  dynamicArray(const dynamicArray& otherobject){
    maxCapacity=otherobject.maxCapacity;
    arr=new double[maxCapacity];
    for(int i = 0; i<maxCapacity; i++){
      arr[i]=otherobject[i];}}
   
   dynamicArray& operator=(const dynamicArray& otherobject){
    if(this!= &otherobject){delete[]arr; maxCapacity=otherobject.maxCapacity
    arr = new double[maxCapacity]; for (int i=0; i<maxCapacity; i++){arr[i]=otherobject.arr[i]} return *this
    }
}  
~dynamicArray(){
  delete[] arr;}
};
","#include <iostream>

// FREEZE CODE BEGIN
class dynamicArray {
private:
  double* arr;
  int maxCapacity;

public:
  dynamicArray(int size) {
    arr = new double[size];
    maxCapacity = size;
    for (int i = 0; i < size; i++) {
      arr[i] = 0;
    }
  }
  double& operator[](int index) {
    return arr[index];
  }
  void display() {
    for (int i = 0; i < maxCapacity; i++) {
      std::cout << arr[i] << "" "";
    }
    std::cout << std::endl;
  }
  int getMaxCapacity() {
    return maxCapacity;
  }
// FREEZE CODE END
  // write a destructor, copy constructor, and copy assignment operator
  dynamicArray(const dynamicArray& otherobject){
    maxCapacity=otherobject.maxCapacity;
    arr=new double[maxCapacity];
    for(int i = 0; i<maxCapacity; i++){
      arr[i]=otherobject[i];}}
   
   dynamicArray& operator=(const dynamicArray& otherobject){
    if(this!= &otherobject){delete[]arr; maxCapacity=otherobject.maxCapacity
    arr = new double[maxCapacity]; for (int i=0; i<maxCapacity; i++){arr[i]=otherobject.arr[i]} return *this
    }
}  
~dynamicArray(){
  delete[] arr;}
};
",,"{""main"": ""It appears that you've attempted to implement a destructor, a copy constructor, and a copy assignment operator for your `dynamicArray` class in C++. These are essential components of the rule of three in C++, which ensures that classes that manage resources (like dynamic memory) do so safely.\n\nThe destructor is responsible for releasing any resources that the class has acquired. In the case of `dynamicArray`, this means deleting the dynamically allocated array to prevent memory leaks.\n\nThe copy constructor is used to create a new object as a copy of an existing object. For classes that manage dynamic memory, it's important to perform a deep copy, which means allocating new memory for the copy and copying the elements, not just the pointer.\n\nThe copy assignment operator is similar to the copy constructor, but it is used when an existing object is assigned a new value from another object of the same type. It should also handle self-assignment (when an object is assigned to itself) and clean up any existing resources before allocating new ones.\n\nFrom the error message you're seeing, it seems like there might be syntax errors in your copy assignment operator implementation. Remember that in C++, every statement should end with a semicolon. Also, ensure that you have proper matching braces for your if statement and function body.\n\nAdditionally, when implementing the copy assignment operator, it's important to return a reference to the current object (`*this`) after copying the data from the source object. This allows for chaining of assignment operations.\n\nFor the copy constructor, you're using the subscript operator `[]` to access elements of the other object. Make sure that the subscript operator is correctly implemented and that it can be used in a const context since the source object in the copy constructor should not be modified.\n\nLastly, it's good practice to check for self-assignment in the copy assignment operator to avoid unnecessary work and potential issues.\n\nBy reviewing these concepts and checking your implementation against them, you should be able to identify where the issues in your code may lie and correct them accordingly. Remember to pay close attention to the syntax and semantics of C++ to ensure that your class behaves as expected.""}",Yes,Train,"3, 5, 6, 7, 8","Object-Oriented Programming (OOP), Code Construction, Program Development Practices, Programming Language Concepts, Language Unique Programming Concepts",4,Analyze
411,2,18288,C++," dynamicArray &operator=(const dynamicArray &d) {
    delete[] arr;
    arr = new double[10];
    
    for(int i = 0; i < 10; i++) {
      arr[i] = d.arr[i];
    }
    return *this;
  }","/==149== Memcheck, a memory error detector
==149== Copyright (C) 2002-2017, and GNU GPL'd, by Julian Seward et al.
==149== Using Valgrind-3.13.0 and LibVEX; rerun with -h for copyright info
==149== Command: ./main
==149== 
Copy Assignment Operator (and destructor)
0 10 222 30 40 50 60 70 80 90 
==149== Invalid read of size 8
==149==    at 0x109241: dynamicArray::display() (in /home/codio/workspace/main)
==149==    by 0x108E30: main (in /home/codio/workspace/main)
==149==  Address 0x5b7fe90 is 0 bytes after a block of size 80 alloc'd
==149==    at 0x4C3089F: operator new[](unsigned long) (in /usr/lib/valgrind/vgpreload_memcheck-amd64-linux.so)
==149==    by 0x1092F6: dynamicArray::operator=(dynamicArray const&) (in /home/codio/workspace/main)
==149==    by 0x108DDE: main (in /home/codio/workspace/main)
==149== 
0 10 20 30 40 50 60 70 80 999 0 0 0 7.11455e-322 
==149== 
==149== HEAP SUMMARY:
==149==     in use at exit: 0 bytes in 0 blocks
==149==   total heap usage: 6 allocs, 6 frees, 81,168 bytes allocated
==149== 
==149== All heap blocks were freed -- no leaks are possible
==149== 
==149== For counts of detected and suppressed errors, rerun with: -v
==149== ERROR SUMMARY: 4 errors from 1 contexts (suppressed: 0 from 0)/",Im trying to copy an array but am getting a memory leak,"{""main"": ""It looks like you're encountering a memory error when trying to use the copy assignment operator to copy an array in C++. The error message from Valgrind indicates an \""Invalid read of size 8,\"" which suggests that your program is trying to read memory that it shouldn't be. This can happen if you're accessing memory beyond the allocated array bounds or if you've already freed the memory that you're trying to access.\n\nThe error message also mentions that the invalid read occurs at the `display()` function, which is not shown in your code snippet. However, the problem seems to be related to how you're handling memory in your copy assignment operator.\n\nHere are a few things to consider that might help you resolve the issue:\n\n1. **Array Size**: Ensure that the size of the array you're allocating with `new` matches the size of the array you're copying from. If the original array `d.arr` has a size different from 10, you should use that size instead of hardcoding the value 10.\n\n2. **Memory Deallocation**: Before using `delete[]` to deallocate the old array, make sure that `arr` is not a null pointer and that it was previously allocated with `new[]`. Also, ensure that you're not deleting memory that has already been deleted elsewhere in your program.\n\n3. **Self-Assignment Check**: Implement a check to see if the object being assigned is the same as the one being copied from (self-assignment). If it is, you should skip the deletion and reallocation process.\n\n4. **Exception Safety**: Consider what would happen if `new` throws an exception. In the current state, you would have already deleted the old array, which could lead to a loss of data. This is something to be aware of when writing robust code.\n\n5. **Valgrind Output**: Pay close attention to the Valgrind output. It provides valuable information about where the error is occurring. You should look at the lines of code it references and consider what might be causing the invalid memory access.\n\n6. **Destructor**: Make sure your destructor is correctly freeing the memory allocated for `arr` and that after freeing, you set the pointer to `nullptr` to avoid dangling pointers.\n\nBy carefully reviewing these aspects of your copy assignment operator and related functions, you should be able to identify the cause of the memory error and fix it. Remember to use Valgrind and other debugging tools to help you track down where the invalid memory access is happening. Debugging memory issues can be challenging, but it's also a great learning experience. Keep at it!""}",Yes,Train,"1, 5, 6, 8",", , , , ",4,Analyze
451,2,18234,C++,,,do uninitialized pointers point to nullptr,"{""main"": ""In C++, uninitialized pointers do not automatically point to `nullptr`. The value of an uninitialized pointer is indeterminate, and it could potentially point to any memory address. This is because, in C++, local variables (like pointers) that are not explicitly initialized are not given a default value and contain whatever data happens to be in the memory location assigned to them at the time of creation.\n\nUsing an uninitialized pointer is considered undefined behavior in C++. This means that the program may crash, behave unpredictably, or appear to work correctly until a seemingly unrelated change causes it to break.\n\nTo avoid such issues, it's a good practice to initialize pointers to `nullptr` when you declare them. This ensures that the pointer either points to a valid memory address or `nullptr`, making your code more predictable and safer to work with.\n\nRemember that global and static pointers are automatically initialized to `nullptr` when the program starts, but this does not apply to local pointers within functions or classes. Always initialize your local pointers before use.""}",Yes,Train,"1, 8","Programming Fundamentals, Language Unique Programming Concepts",2,Understand
466,2,18215,C++,"// Copy Constructor
DynamicArray::DynamicArray(const DynamicArray& other) {
    size = other.size;
    arr = new int[size];
    for (int i = 0; i < size; ++i)
        arr[i] = other.arr[i]; // Copy elements from other array
}","BigThree.cpp:47:5: warning: control reaches end of non-void function [-Wreturn-type]
   47 |     }",,"{""main"": ""The warning message you're seeing indicates that the compiler has detected a potential issue in a function that is expected to return a value, but it does not have a return statement. In C++, when a function is declared with a return type other than `void`, it must return a value of that type. The warning you're seeing, `-Wreturn-type`, is telling you that the function reaches the end without a `return` statement.\n\nIn the context of a copy constructor, which is what you're implementing, the constructor does not actually return a value because its purpose is to initialize a new object with the values from another object. Constructors in C++ have no return type, not even `void`, and therefore should not have a `return` statement.\n\nIf you're seeing this warning on your copy constructor, it could be due to a couple of reasons:\n\n1. The copy constructor is mistakenly declared with a return type. Constructors should not have a return type declared.\n2. The warning is being generated from another function that does require a return value, and the line number in the error message might be misleading. Make sure to check other functions in your `BigThree.cpp` file to ensure they all properly return values if they're supposed to.\n\nReview your copy constructor declaration and other functions in your file to ensure they follow the correct conventions for return types. If the warning is indeed about another function, you'll need to add the appropriate `return` statement to that function to return the expected value. If the warning is incorrectly associated with the copy constructor, double-check that the constructor is declared without a return type and that there are no misplaced `return` statements within it.""}",Yes,Train,"3, 5, 8","Object-Oriented Programming (OOP), Code Construction, Language Unique Programming Concepts",4,Analyze
474,2,18202,C++,,,how do i ensure that Person.cpp is added to the project if im using an ide,"{""main"": ""To ensure that `Person.cpp` is added to your project when using an Integrated Development Environment (IDE), you'll need to follow the specific steps for the IDE you are using. Each IDE has its own way of managing project files, but the general process usually involves a few common steps:\n\n1. **Open your project**: Start by opening the project you're working on within your IDE.\n\n2. **Add existing file**: Look for an option in the menu bar that allows you to add existing files to your project. This is often found under a \""File\"" or \""Project\"" menu.\n\n3. **Navigate to the file**: Use the file dialog to navigate to the location where `Person.cpp` is saved on your computer.\n\n4. **Select the file**: Once you've found `Person.cpp`, select it and confirm that you want to add it to your project.\n\n5. **Verify the file is added**: After adding the file, you should see `Person.cpp` listed with the other source files in your project's file or solution explorer.\n\n6. **Include in build**: Ensure that the file is set to be included in the build process. This is usually done automatically, but some IDEs may require you to set this manually.\n\n7. **Save project**: Save your project to make sure the changes are retained.\n\nRemember that the exact terminology and steps may vary depending on the IDE you are using. If you're unsure of how to proceed, consult the documentation for your specific IDE, or look for a tutorial or guide that is tailored to the IDE you're working with. Most IDEs have extensive help resources to guide you through the process of managing project files.""}",Yes,Train,"2, 6","Data Management and Processing , Program Development Practices",2,Understand
487,2,18183,C++,"#ifndef LINKEDLIST_H
#define LINKEDLIST_H
#include <iostream>
using namespace std;
template <typename T>
class LinkedList
{
  private: 
    struct Node
    {
      //store node data, and pointer to next Node
      T data;
      Node* next;
      Node* prev;  
      Node(const T& d)
      {
        data = d;
        next = nullptr;
        prev = nullptr; 
      }
    };
    unsigned int num_nodes;
    Node* head;
    Node* tail;
  public:
    LinkedList();
    ~LinkedList();
    //Behaviors
    void PrintForward(); 
    void PrintReverse();
    //Accessors
    int NodeCount();
    //void FindAll(T data, std::vector<Node*>& other);
    //Node* Find(T data);
    T* GetNode(const int index)const;
    T* getHead()const;
    T* getTail()const; 
    //insertions
    void AddHead(const T& data); 
    /*
    1. create a new node
      Node* temp = new Node;
    2. next pointer to the head
      temp->next = head;
    3. using head pointer to point to the new node
      head = temp
    */
    void AddTail(T& data);
    void AddNodesHead(T arr, int size);
    void AddNodesTail(T arr, int size);
};

template <typename T>
LinkedList<T>::LinkedList()
{
  num_nodes = 0;
  head = nullptr;
  tail = nullptr;
}
template <typename T>
void LinkedList<T>::PrintForward()
{
  Node* curr = head;
  while(curr->next != nullptr)
  {
    std::cout << curr->data << std::endl;
    curr = curr->next; 
  }
}
template <typename T>
void LinkedList<T>::PrintReverse() 
{
  Node* curr = tail;
  while(curr->prev != nullptr)
  {
    std::cout << curr->data << std::endl;
    curr = curr->next; 
  }
}
template <typename T>
int LinkedList<T>::NodeCount()
{
  return num_nodes;
}
template <typename T>
T* LinkedList<T>::getHead()const 
{
  return head;
}
template <typename T>
T* LinkedList<T>::getTail()const 
{
  return tail; 
}
template <typename T>
T* LinkedList<T>::GetNode(const int index)const
{
  if(index >= num_nodes)
  {
    throw std::out_of_range(); 
  }
  int i =0;
  Node* curr = head;
  while(i<index && curr->next != nullptr)
  {
    if(curr->next == nullptr)
    {
      return nullptr;
    }
    i++;
    curr = curr->next; 
  }
  return curr->data;
}
template <typename T>
LinkedList<T>::~LinkedList()
{
  Node* curr = head;
  while(curr != nullptr)
  {
    Node* temp = curr->next;
    delete curr;
    curr = temp;
  }
}
template <typename T>
void LinkedList<T>::AddHead(const T& data)
{
  Node* temp = new Node(data);
  temp->next = head;
  head->prev = temp;
  head = temp;
} 
template <typename T>
void LinkedList<T>::AddTail(T& data)
{
  Node* temp = new Node(data);
  tail->next = temp;
  temp->prev = tail;
  tail = temp;
}
template <typename T>
void LinkedList<T>::AddNodesHead(T arr, int size)
{
  int arr_size = size;
  for(int i = 0; i<arr_size; i++)
  {
    Addhead(arr[i]); 
  }
}
template <typename T>
void LinkedList<T>::AddNodesTail(T arr, int size)
{
  int arr_size = size;
  for(int i = 0; i<arr_size; i++)
  {
    AddTail(arr[i]); 
  }
}
/*
template <typename T>
Node* LinkedList::find(T data)
{
  Node* curr = head; 
  for(int i = 1; i<num_nodes; i++)
  {
    curr = curr->next;
    if(curr.data == data)
    {
      return curr; 
    }
  }
  return nullptr; 
}
template <typename T>
*/
#endif","In file included from part1/main.cpp:4:0:
part1/LinkedList.h:10:5: error: ‚ÄòNode‚Äô does not name a type
     Node* head;
     ^~~~
part1/LinkedList.h:11:5: error: ‚ÄòNode‚Äô does not name a type
     Node* tail;
     ^~~~
part1/LinkedList.h: In constructor ‚ÄòLinkedList<T>::LinkedList()‚Äô:
part1/LinkedList.h:57:3: error: ‚Äòhead‚Äô was not declared in this scope
   head = nullptr;
   ^~~~
part1/LinkedList.h:57:3: note: suggested alternative: ‚Äòfread‚Äô
   head = nullptr;
   ^~~~
   fread
part1/LinkedList.h:58:3: error: ‚Äòtail‚Äô was not declared in this scope
   tail = nullptr;
   ^~~~
part1/LinkedList.h:58:3: note: suggested alternative: ‚Äòthis‚Äô
   tail = nullptr;
   ^~~~
   this
part1/LinkedList.h: In member function ‚Äòvoid LinkedList<T>::PrintForward()‚Äô:
part1/LinkedList.h:63:16: error: ‚Äòhead‚Äô was not declared in this scope
   Node* curr = head;
                ^~~~
part1/LinkedList.h:63:16: note: suggested alternative: ‚Äòfread‚Äô
   Node* curr = head;
                ^~~~
                fread
part1/LinkedList.h: In member function ‚Äòvoid LinkedList<T>::PrintReverse()‚Äô:
part1/LinkedList.h:73:16: error: ‚Äòtail‚Äô was not declared in this scope
   Node* curr = tail;
                ^~~~
part1/LinkedList.h:73:16: note: suggested alternative: ‚Äòthis‚Äô
   Node* curr = tail;
                ^~~~
                this
part1/LinkedList.h: In member function ‚ÄòT* LinkedList<T>::getHead() const‚Äô:
part1/LinkedList.h:88:10: error: ‚Äòhead‚Äô was not declared in this scope
   return head;
          ^~~~
part1/LinkedList.h:88:10: note: suggested alternative: ‚Äòfread‚Äô
   return head;
          ^~~~
          fread
part1/LinkedList.h: In member function ‚ÄòT* LinkedList<T>::getTail() const‚Äô:
part1/LinkedList.h:93:10: error: ‚Äòtail‚Äô was not declared in this scope
   return tail;
          ^~~~
part1/LinkedList.h:93:10: note: suggested alternative: ‚Äòthis‚Äô
   return tail;
          ^~~~
          this
part1/LinkedList.h: In member function ‚ÄòT* LinkedList<T>::GetNode(int) const‚Äô:
part1/LinkedList.h:103:16: error: ‚Äòhead‚Äô was not declared in this scope
   Node* curr = head;
                ^~~~
part1/LinkedList.h:103:16: note: suggested alternative: ‚Äòfread‚Äô
   Node* curr = head;
                ^~~~
                fread
part1/LinkedList.h: In destructor ‚ÄòLinkedList<T>::~LinkedList()‚Äô:
part1/LinkedList.h:118:16: error: ‚Äòhead‚Äô was not declared in this scope
   Node* curr = head;
                ^~~~
part1/LinkedList.h:118:16: note: suggested alternative: ‚Äòfread‚Äô
   Node* curr = head;
                ^~~~
                fread
part1/LinkedList.h: In member function ‚Äòvoid LinkedList<T>::AddHead(const T&)‚Äô:
part1/LinkedList.h:130:16: error: ‚Äòhead‚Äô was not declared in this scope
   temp->next = head;
                ^~~~
part1/LinkedList.h:130:16: note: suggested alternative: ‚Äòfread‚Äô
   temp->next = head;
                ^~~~
                fread
part1/LinkedList.h: In member function ‚Äòvoid LinkedList<T>::AddTail(T&)‚Äô:
part1/LinkedList.h:138:3: error: ‚Äòtail‚Äô was not declared in this scope
   tail->next = temp;
   ^~~~
part1/LinkedList.h:138:3: note: suggested alternative: ‚Äòthis‚Äô
   tail->next = temp;
   ^~~~
   this
part1/main.cpp: In function ‚Äòvoid TestAddingArrays()‚Äô:
part1/main.cpp:84:32: error: no matching function for call to ‚ÄòLinkedList<std::__cxx11::basic_string<char> >::AddNodesHead(std::__cxx11::string [5], int)‚Äô
     list.AddNodesHead(values, 5);
                                ^
In file included from part1/main.cpp:4:0:
part1/LinkedList.h:143:6: note: candidate: void LinkedList<T>::AddNodesHead(T, int) [with T = std::__cxx11::basic_string<char>]
 void LinkedList<T>::AddNodesHead(T arr, int size)
      ^~~~~~~~~~~~~
part1/LinkedList.h:143:6: note:   no known conversion for argument 1 from ‚Äòstd::__cxx11::string [5] {aka std::__cxx11::basic_string<char> [5]}‚Äô to ‚Äòstd::__cxx11::basic_string<char>‚Äô
part1/main.cpp:85:32: error: no matching function for call to ‚ÄòLinkedList<std::__cxx11::basic_string<char> >::AddNodesTail(std::__cxx11::string [5], int)‚Äô
     list.AddNodesTail(values, 5);
                                ^
In file included from part1/main.cpp:4:0:
part1/LinkedList.h:152:6: note: candidate: void LinkedList<T>::AddNodesTail(T, int) [with T = std::__cxx11::basic_string<char>]
 void LinkedList<T>::AddNodesTail(T arr, int size)
      ^~~~~~~~~~~~~
part1/LinkedList.h:152:6: note:   no known conversion for argument 1 from ‚Äòstd::__cxx11::string [5] {aka std::__cxx11::basic_string<char> [5]}‚Äô to ‚Äòstd::__cxx11::basic_string<char>‚Äô
part1/main.cpp: In function ‚Äòvoid addHeadFullTest()‚Äô:
part1/main.cpp:95:47: error: cannot convert ‚Äòint*‚Äô to ‚ÄòLinkedList<int>::Node*‚Äô in initialization
   LinkedList<int>::Node* start = list.getHead();
                                               ^
part1/main.cpp: In function ‚Äòvoid addTailFullTest()‚Äô:
part1/main.cpp:125:16: error: cannot bind non-const lvalue reference of type ‚Äòint&‚Äô to an rvalue of type ‚Äòint‚Äô
  list.AddTail(4);
                ^
In file included from part1/main.cpp:4:0:
part1/LinkedList.h:135:6: note:   initializing argument 1 of ‚Äòvoid LinkedList<T>::AddTail(T&) [with T = int]‚Äô
 void LinkedList<T>::AddTail(T& data)
      ^~~~~~~~~~~~~
part1/main.cpp:126:16: error: cannot bind non-const lvalue reference of type ‚Äòint&‚Äô to an rvalue of type ‚Äòint‚Äô
  list.AddTail(3);
                ^
In file included from part1/main.cpp:4:0:
part1/LinkedList.h:135:6: note:   initializing argument 1 of ‚Äòvoid LinkedList<T>::AddTail(T&) [with T = int]‚Äô
 void LinkedList<T>::AddTail(T& data)
      ^~~~~~~~~~~~~
part1/main.cpp:127:16: error: cannot bind non-const lvalue reference of type ‚Äòint&‚Äô to an rvalue of type ‚Äòint‚Äô
  list.AddTail(2);
                ^
In file included from part1/main.cpp:4:0:
part1/LinkedList.h:135:6: note:   initializing argument 1 of ‚Äòvoid LinkedList<T>::AddTail(T&) [with T = int]‚Äô
 void LinkedList<T>::AddTail(T& data)
      ^~~~~~~~~~~~~
part1/main.cpp:128:17: error: cannot bind non-const lvalue reference of type ‚Äòint&‚Äô to an rvalue of type ‚Äòint‚Äô
   list.AddTail(1);
                 ^
In file included from part1/main.cpp:4:0:
part1/LinkedList.h:135:6: note:   initializing argument 1 of ‚Äòvoid LinkedList<T>::AddTail(T&) [with T = int]‚Äô
 void LinkedList<T>::AddTail(T& data)
      ^~~~~~~~~~~~~
part1/main.cpp:129:47: error: cannot convert ‚Äòint*‚Äô to ‚ÄòLinkedList<int>::Node*‚Äô in initialization
   LinkedList<int>::Node* start = list.getHead();",,"{""main"": ""It looks like you're encountering several issues with your C++ LinkedList implementation. Let's go through the error messages and address the underlying problems:\n\n1. The first set of errors indicates that `Node` is not recognized as a type within the `LinkedList` class. This is likely because you're trying to use `Node` outside of the scope in which it's defined. Remember that `Node` is an inner class of `LinkedList`, so you need to qualify it with the template class name when you're using it outside of the `LinkedList` class definition.\n\n2. The errors related to `head` and `tail` not being declared in the scope are because you're trying to use these members in places where the compiler doesn't recognize them as members of the `LinkedList` class. Ensure that you're using them within member functions of `LinkedList` and that they are correctly defined within the class.\n\n3. The `GetNode` function is supposed to return a pointer to a `Node`, but it's currently trying to return the `data` member of a `Node`. Since `data` is not a pointer, this is causing an error. You need to return a pointer to the `Node` itself.\n\n4. The `AddHead` and `AddTail` functions are not handling the case where the list is empty. When adding the first node to an empty list, you need to ensure that both `head` and `tail` are set to point to the new node.\n\n5. The `AddNodesHead` and `AddNodesTail` functions are taking a single `T` as an argument instead of an array of `T`. The parameter should be a reference to an array or a pointer to the first element of the array, along with the size of the array.\n\n6. The `AddTail` function is taking a non-const reference to `T`, which means you cannot pass temporary or rvalue expressions to it. If you want to be able to pass literals or temporaries, you should consider taking the parameter by const reference or by value.\n\n7. The `getHead` and `getTail` functions are returning `T*` instead of `Node*`. Since `head` and `tail` are pointers to `Node`, you should return a pointer to `Node`.\n\n8. In your test code, you're trying to assign the result of `getHead` to a `Node*`, but `getHead` is returning a `T*`. You need to correct the return type of `getHead` and `getTail` to return the correct pointer type.\n\n9. Lastly, the errors in `main.cpp` are related to the incorrect usage of `AddNodesHead` and `AddNodesTail`. You need to pass an array to these functions, but the current function signatures don't accept an array.\n\nTo fix these issues, go through your code and ensure that you're using the correct types and that member functions are correctly accessing member variables. Also, make sure that your function parameters match the expected types, especially when dealing with arrays and pointers. Remember to handle edge cases, such as adding to an empty list, and always test your code with different scenarios to catch these kinds of errors.""}",Yes,Train,"3, 6, 8","Object-Oriented Programming (OOP), Program Development Practices, Language Unique Programming Concepts",4,Analyze
530,2,18123,C++,"~dynamicArray() {
    delete[] arr; 
   }

  dynamicArray(const dynamicArray& other) {
    maxCapacity = other.maxCapacity; 
    arr = new double[maxCapacity]; 
    for (int i=0; i<maxCapacity; i++) {
      arr[i]; 
  
    }
  }
  dynamicArray& operator=(const dynamicArray& other) {
    delete[] arr; 
    maxCapacity = other.maxCapacity;
    arr = new double[maxCapacity]; 
    if (this != &other) {
      for (int i=0; i<maxCapacity; i++) {
      arr[i]; 
    }
    return *this; 
    // for (int i=0; i<maxCapacity; i++) {
    //   arr[i]; 
    // }
    }
  }","Check 1 failed
Output:
Copy Constructor (and destructor)
0 10 222 30 40 50 60 70 80 90 
0 0 0 0 0 0 0 0 0 999 
Expected:
Copy Constructor (and destructor)
0 10 222 30 40 50 60 70 80 90 
0 10 20 30 40 50 60 70 80 999 
Check 2 failed
Output:
Copy Assignment Operator (and destructor)
0 10 222 30 40 50 60 70 80 90 
0 0 0 0 0 0 0 0 0 999 
Expected:
Copy Assignment Operator (and destructor)
0 10 222 30 40 50 60 70 80 90 
0 10 20 30 40 50 60 70 80 999 ",,"{""main"": ""Based on the error message you've provided, it seems like the issue is with the copy constructor and copy assignment operator of your `dynamicArray` class. The error message indicates that the expected output after using the copy constructor and copy assignment operator should be a copy of the original array, but instead, you're getting an array filled with zeros followed by `999`.\n\nLet's break down the issues and concepts to help you understand what might be going wrong:\n\n1. **Copy Constructor**: The purpose of the copy constructor is to create a new object as a copy of an existing object. It seems that your copy constructor is not copying the contents of the `other` array into the new `arr`. You need to ensure that you're copying each element from `other.arr` to `this->arr` within the loop.\n\n2. **Copy Assignment Operator**: This operator is used to copy the contents of one object to another existing object. Similar to the copy constructor, you need to copy the elements from `other.arr` to `this->arr`. Additionally, you should check for self-assignment before deleting the array and copying the elements. The self-assignment check should be the first thing you do in the function, not inside the loop.\n\n3. **Memory Management**: When you use `new` to allocate memory, you should always pair it with `delete` to avoid memory leaks. You've done this correctly in the destructor and before allocating new memory in the copy assignment operator.\n\n4. **Self-Assignment Check**: It's good practice to check if the object being assigned is not the same as the object being copied from. This is usually done at the beginning of the copy assignment operator.\n\n5. **Return Statement**: The return statement in your copy assignment operator should be outside of any conditional blocks or loops to ensure that the function always returns a reference to the current object.\n\n6. **Looping and Assignment**: In both the copy constructor and copy assignment operator, you have a loop that appears to be intended to copy elements from one array to another. However, the body of the loop is not performing any assignment operation. You should be assigning the values from the `other` array to the `this` array inside the loop.\n\nBy addressing these points, you should be able to correct the issues with your copy constructor and copy assignment operator. Remember to carefully copy the elements from the source array to the destination array and to handle self-assignment appropriately.""}",Yes,Train,"1, 3, 5","Programming Fundamentals, Object-Oriented Programming (OOP), Code Construction",4,Analyze
632,2,17921,C++,"dynamicArray(const dynamicArray& otherObj){ //copy constructor
    this->arr = otherObj.arr;
    this->maxCapacity = otherObj.maxCapacity;
  }

  dynamicArray &operator=(const dynamicArray &d){
    for(int i=0; i<maxCapacity; i++){
        arr[i] = d.arr[i];
      }
  }

  ~dynamicArray(){  //deconstructor
    delete[] arr;
  }","/==133== Memcheck, a memory error detector
==133== Copyright (C) 2002-2017, and GNU GPL'd, by Julian Seward et al.
==133== Using Valgrind-3.13.0 and LibVEX; rerun with -h for copyright info
==133== Command: ./main
==133== 
Copy Constructor (and destructor)
0 10 222 30 40 50 60 70 80 999 
0 10 222 30 40 50 60 70 80 999 
==133== Invalid free() / delete / delete[] / realloc()
==133==    at 0x4C3173B: operator delete[](void*) (in /usr/lib/valgrind/vgpreload_memcheck-amd64-linux.so)
==133==    by 0x109340: dynamicArray::~dynamicArray() (in /home/codio/workspace/main)
==133==    by 0x109081: main (in /home/codio/workspace/main)
==133==  Address 0x5b7dc80 is 0 bytes inside a block of size 80 free'd
==133==    at 0x4C3173B: operator delete[](void*) (in /usr/lib/valgrind/vgpreload_memcheck-amd64-linux.so)
==133==    by 0x109340: dynamicArray::~dynamicArray() (in /home/codio/workspace/main)
==133==    by 0x108D64: main (in /home/codio/workspace/main)
==133==  Block was alloc'd at
==133==    at 0x4C3089F: operator new[](unsigned long) (in /usr/lib/valgrind/vgpreload_memcheck-amd64-linux.so)
==133==    by 0x109198: dynamicArray::dynamicArray(int) (in /home/codio/workspace/main)
==133==    by 0x108C72: main (in /home/codio/workspace/main)
==133== 
==133== 
==133== HEAP SUMMARY:
==133==     in use at exit: 0 bytes in 0 blocks
==133==   total heap usage: 4 allocs, 5 frees, 80,976 bytes allocated
==133== 
==133== All heap blocks were freed -- no leaks are possible
==133== 
==133== For counts of detected and suppressed errors, rerun with: -v
==133== ERROR SUMMARY: 1 errors from 1 contexts (suppressed: 0 from 0)",,"{""main"": ""The error message you're seeing from Valgrind indicates that there is an invalid `free()` or `delete[]` operation happening in your program. This typically means that you're trying to deallocate memory that has already been deallocated, or that you're trying to deallocate memory that was not allocated with `new` or `new[]`.\n\nIn C++, when you're working with dynamic memory allocation, it's important to ensure that each block of allocated memory is freed exactly once. Double freeing memory or freeing memory that was not allocated dynamically can lead to undefined behavior, which Valgrind is detecting.\n\nLooking at your code snippet, the issue seems to be related to the copy constructor and the assignment operator of your `dynamicArray` class. When you copy an object, you need to make sure to deep copy any dynamically allocated resources to ensure that each object manages its own copy of the resources. Otherwise, both the original and the copied object will point to the same memory location, and when one of them is destructed, it will deallocate the memory that the other still references. This can lead to the other object attempting to access or deallocate already freed memory, which is likely what's happening in your case.\n\nThe copy constructor should create a new array and copy the elements from the other object's array into it. Similarly, the assignment operator should deal with self-assignment, release any dynamically allocated memory it currently owns before allocating new memory, and then copy the elements from the other object's array.\n\nRemember to also check for self-assignment in your assignment operator, which occurs when an object is assigned to itself. This can be done by comparing the addresses of the two objects (the left-hand side and the right-hand side of the assignment).\n\nIn summary, you should:\n\n- Implement a deep copy in the copy constructor.\n- Properly handle assignment to self in the assignment operator.\n- Release owned resources before acquiring new ones in the assignment operator.\n\nBy following these guidelines, you should be able to avoid the memory errors that Valgrind is reporting.""}",Yes,Train,"5, 6, 8","Code Construction, Program Development Practices, Language Unique Programming Concepts",4,Analyze
698,2,17693,C++,"#include <iostream>
using namespace std;


template <typename T>
class ABS {
private:
    T* array; // dynamically allocated array
    int capacity; // size of stack
    int size; // size of stack/index of top element
    int scale_factor;

public:
    ABS() { // default constructor
        capacity = 1;
        array = new T[capacity];
        size = 0;
        scale_factor = 2;
    }
    ABS(T capacity) {
        this->capacity = capacity;
        array = new T[this->capacity];
        size = 0;
        scale_factor = 2;
    }

    ABS(const ABS &d) {
        capacity = d.capacity;
        size = d.size;
        scale_factor = 2;
        array = new T[d.capacity];
        for (int i = 0; i < d.size; i++) {
            array[i] = d.array[i];
        }
    }

    ABS &operator=(const ABS &d) {
        delete[] array;
        capacity = d.capacity;
        size = d.size;
        scale_factor = 2;
        array = new T[d.capacity];
        for (int i = 0; i < d.size; i++) {
            array[i] = d.array[i];
        }
        return *this;
    }

    ~ABS() { // destructor
        delete[] array;
    }

    void push(T data) {
        if(size == capacity) {
            capacity *= scale_factor; // resizes the array if array is full
        }
        T* newArray = new T[capacity];
        for (int i = 0; i < size; i++) {
            newArray[i] = array[i];
        }
        delete[] array;
        array = newArray;
        array[size++] = data;
    }

    T pop() {
        if (size == 0) {
            throw runtime_error(""Error"");
        }

        T data = array[size-1];
        int newCapacity;

        if (size - 1 < capacity/scale_factor) {
            newCapacity = capacity/scale_factor;
            T* newArray = new T[newCapacity];
            for (int i = 0; i < size; i++) {
                newArray[i] = array[i];
            }
            delete[] array;
            array = newArray;
            capacity = newCapacity;
        }
        else {
            T* newArray = new T[capacity];
            for (int i = 0; i < size; i++) {
                newArray[i] = array[i];
            }
            delete[] array;
            array = newArray;
        }
        size--;
        return data; //cuts out the item and returns item removed
    }

    T peek() {
        if (size == 0) {
            throw runtime_error(""Error"");
        }
        return array[size - 1]; // returns item at top of stack
    }
    unsigned int getSize() {
        return size; // returns current number of items in ABS
    }
    unsigned int getMaxCapacity() {
        return capacity; // returns capacity value
    }
    T* getData() {
        return array; // returns array representing que
    }
};",,,"{""main"": ""Since you haven't provided a specific issue or question regarding your code, I'll give you a general overview and some points to consider that might help you review and improve your implementation.\n\nFirstly, you've created a template class `ABS` which seems to be a dynamic array-based stack. This is a good use of templates, as it allows your stack to be type-agnostic and can store any data type that supports the operations you're using.\n\nIn your constructor where you accept a `T capacity`, you should be careful with the naming. `capacity` is typically an integer value representing the number of elements the container can hold, but here it's templated. This might lead to confusion or misuse if someone tries to instantiate your class with a non-integer type for the capacity.\n\nIn your copy constructor and assignment operator, you're correctly creating a deep copy of the provided object. This is essential to avoid shallow copy issues, such as dangling pointers, which can occur when the default copy operations are used.\n\nYour `push` method is resizing the array when it's full, which is a common strategy for dynamic arrays. However, you're always allocating a new array and copying the elements over, even if the `size` hasn't reached `capacity`. This could be optimized to only occur when necessary.\n\nIn the `pop` method, you're resizing the array when the size is less than `capacity / scale_factor`. This is a good strategy to reduce memory usage when the number of elements decreases significantly. However, you're creating a new array and copying elements every time `pop` is called, which is not necessary if you're not resizing. This could also be optimized.\n\nThe `peek` method is straightforward and gives access to the top element without modifying the stack, which is a typical stack operation.\n\nThe `getSize` and `getMaxCapacity` methods provide useful information about the stack, and `getData` gives direct access to the underlying array. Be cautious with exposing internal data structures, as it can lead to unintended side effects if the array is modified outside the class.\n\nRemember to always check for potential memory leaks, ensure that you're managing resources properly, and consider edge cases and error handling for robustness. Also, think about the class interface and whether it's intuitive and safe to use.\n\nReviewing these concepts and ensuring your understanding of dynamic memory allocation, copy semantics, and template usage in C++ will be beneficial for writing efficient and safe data structures.""}",Yes,Train,"2, 3, 6","Data Management and Processing , Object-Oriented Programming (OOP), Program Development Practices",6,Create
737,3,2214,C++,,,how do you make a virtual destructor in c++,"{""main"": ""In C++, a virtual destructor is used primarily in a base class to ensure that the destructor of a derived class is called correctly, even when you delete an object through a pointer to the base class. This concept is crucial in the context of inheritance and polymorphism, where you might be dealing with objects of derived classes through pointers or references of base class types.\n\nTo make a destructor virtual, you simply precede the destructor declaration in your class definition with the `virtual` keyword. This tells the C++ compiler that the destructor is virtual, and it ensures that the destructor chaining happens correctly. That is, when a derived class object is deleted through a base class pointer, the derived class's destructor is called first, followed by the base class's destructor, ensuring proper resource cleanup.\n\nRemember, in a class hierarchy where you have virtual functions (indicating polymorphic behavior), it's a good practice to also have a virtual destructor in the base class. This is because, without a virtual destructor in the base class, deleting an object of a derived class via a base class pointer can result in undefined behavior due to incomplete destruction of the derived class object.\n\nIt's also worth noting that if a class has a virtual destructor, its destructor (and consequently, the destructors of its derived classes) incurs a slight overhead due to the virtual function mechanism. However, this overhead is generally negligible compared to the benefits of correct object destruction in polymorphic class hierarchies.\n\nUnderstanding when and why to use virtual destructors is an important part of mastering C++'s object-oriented programming features, especially in the context of resource management and polymorphism.""}",Yes,Train,"3, 8","Object-Oriented Programming (OOP), Language Unique Programming Concepts",2,Understand